name,description,short_description,name_zh,short_desc_zh,desc_zh,sku,regular_price,stock_quantity,categories,category_zh,local_images,wp_media
Bàn Giám Đốc Chữ L Hiện Đại,"<h2>Giới thiệu sản phẩm</h2><p>Bàn giám đốc dáng chữ L là sự kết hợp hoàn hảo giữa thẩm mỹ hiện đại và tính ứng dụng cao. Thiết kế dành riêng cho những nhà lãnh đạo yêu thích sự tiện nghi và chuyên nghiệp.</p><h2>Công năng và Đặc điểm nổi bật</h2><h3>Thiết kế chữ L thông minh</h3><ul><li><b>Không gian rộng rãi:</b> Cung cấp diện tích làm việc gấp đôi, đủ chỗ cho máy tính, hồ sơ và khu vực tiếp khách.</li><li><b>Tủ phụ đa năng:</b> Tích hợp ngăn kéo và kệ chứa CPU giúp mặt bàn luôn gọn gàng.</li></ul><h3>Chất liệu cao cấp</h3><ul><li><b>Gỗ MDF lõi xanh:</b> Chống ẩm tốt, chịu lực cao, không cong vênh.</li><li><b>Nắp luồn dây nhôm:</b> Giữ không gian làm việc thẩm mỹ, ngăn nắp.</li></ul><h2>Cam kết của GetaGroup</h2><ul><li><b>Chất lượng:</b> Kiểm soát nghiêm ngặt từng chi tiết hoàn thiện.</li><li><b>Bảo hành:</b> Chính sách bảo hành 24 tháng uy tín.</li><li><b>Vận chuyển:</b> Giao hàng và lắp đặt nhanh chóng tận nơi.</li></ul>","Bàn giám đốc dáng chữ L cao cấp, tối ưu không gian làm việc. Chất liệu gỗ MDF lõi xanh chống ẩm, phủ Melamine bền bỉ. Tích hợp tủ phụ đa năng đựng hồ sơ, phù hợp cho lãnh đạo cần không gian làm việc rộng rãi và chuyên nghiệp.",现代L型总裁办公桌,高端L型大班台，空间利用率高。采用优质环保防潮板材，搭配大容量侧柜。宽大桌面提供极致办公体验，尽显领导风范。沐牌与巴域地区现货。,<h2>产品简介</h2><p>这款L型大班台专为追求效率与尊贵感的领导者设计。现代线条与实用主义完美结合，打造智慧办公核心。</p><h2>核心功能与优势</h2><h3>L型科学设计</h3><ul><li><b>超大办公面：</b>双桌面设计，左侧办公，右侧洽谈，空间利用率提升40%。</li><li><b>一体化副柜：</b>内置静音抽屉与主机位，支持走线管理。</li></ul><h3>高标准材质</h3><ul><li><b>防潮耐磨：</b>采用E1级环保板材，加硬表面处理，易清洁。</li></ul><h2>GetaGroup 的承诺</h2><ul><li><b>厂家直销：</b>剔除中间环节，提供最高性价比。</li><li><b>五年质保：</b>框架结构长效质保，售后无忧。</li><li><b>专业安装：</b>本地专业团队快速上门安装。</li></ul>,GETA-OF-EXL,,,office-interior,办公家具,"executive_desk_001.webp, executive_desk_002.webp, executive_desk_003.webp, executive_desk_004.webp, executive_desk_005.webp, executive_desk_006.webp, executive_desk_007.webp,  executive_desk_009.webp,  executive_desk_012.webp, executive_desk_013.webp, executive_desk_014.webp, executive_desk_015.webp, executive_desk_016.webp, executive_desk_017.webp, executive_desk_018.webp,  executive_desk_020.webp,  executive_desk_022.webp,  executive_desk_027.webp, executive_desk_028.webp, executive_desk_029.webp, executive_desk_030.webp, executive_desk_031.webp, executive_desk_032.webp, executive_desk_033.webp,  executive_desk_046.webp, executive_desk_047.webp, executive_desk_048.webp,  executive_desk_051.webp, executive_desk_052.webp",
Bàn Giám Đốc Chân Sắt Tối Giản,"<h2>Giới thiệu sản phẩm</h2><p>Dòng bàn giám đốc chân sắt thanh lịch mang lại làn gió mới cho không gian làm việc. Đây là lựa chọn hàng đầu cho những vị lãnh đạo trẻ trung, yêu thích sự tinh tế và tối giản.</p><h2>Công năng và Đặc điểm nổi bật</h2><h3>Thiết kế hiện đại</h3><ul><li><b>Hệ chân thép vững chãi:</b> Chân bàn sơn tĩnh điện cao cấp, thiết kế mỏng nhưng chịu lực cực tốt.</li><li><b>Mặt bàn tinh xảo:</b> Cạnh bàn được vát cạnh CNC an toàn và thẩm mỹ.</li></ul><h3>Tính linh hoạt</h3><ul><li><b>Dễ dàng bài trí:</b> Phù hợp với nhiều phong cách nội thất khác nhau.</li><li><b>Không gian mở:</b> Giúp văn phòng trở nên rộng rãi và thoáng đãng hơn.</li></ul><h2>Cam kết của GetaGroup</h2><ul><li><b>Thẩm mỹ:</b> Luôn dẫn đầu các xu hướng thiết kế nội thất mới nhất.</li><li><b>Giá gốc:</b> Tối ưu chi phí đầu tư trực tiếp từ xưởng.</li><li><b>Hỗ trợ:</b> Tư vấn bài trí văn phòng chuẩn phong thủy miễn phí.</li></ul>","Bàn lãnh đạo chân sắt sơn tĩnh điện thanh lịch, phong cách tối giản hiện đại. Mặt bàn gỗ dày chống trầy xước. Lựa chọn hoàn hảo cho các văn phòng mở, tạo cảm giác thông thoáng, sáng tạo và tinh tế.",极简纤细腿大班台,轻奢风格办公桌，纤细金属腿设计，极简而不凡。桌面触感细腻，结构稳固。适用于现代创意办公室，营造通透、高效的视觉氛围。,<h2>产品简介</h2><p>在意式极简中回归办公本质。这款办公桌以洗练的线条勾勒出非凡艺术感，是年轻一代企业家的理想选择。</p><h2>核心功能与优势</h2><h3>轻盈美学</h3><ul><li><b>视觉通透：</b>静电喷涂金属底座，减少空间压迫感，使办公室更显宽敞。</li><li><b>工学桌面：</b>边缘斜切工艺，提供舒适支撑，美观且实用。</li></ul><h3>结构稳固</h3><ul><li><b>高强度钢架：</b>外表纤细但承重力惊人，长久使用稳固不晃动。</li></ul><h2>GetaGroup 的承诺</h2><ul><li><b>原创设计：</b>融合现代流行美学与办公实用性。</li><li><b>环保无味：</b>采用环保喷涂工艺，守护您的呼吸健康。</li></ul>,GETA-OF-EXM,,,office-interior,办公家具,"executive_desk_008.webp,  executive_desk_010.webp, executive_desk_011.webp,  executive_desk_019.webp,  executive_desk_021.webp,  executive_desk_023.webp, executive_desk_024.webp, executive_desk_025.webp, executive_desk_026.webp,  executive_desk_049.webp, executive_desk_050.webp,  executive_desk_053.webp, executive_desk_054.webp, executive_desk_055.webp",
Bàn Giám Đốc Tân Cổ Điển Bề Thế,"<h2>Giới thiệu sản phẩm</h2><p>Bàn giám đốc Tân cổ điển là biểu tượng của sự thành đạt và quyền lực. Với thiết kế bề thế, sản phẩm mang lại vẻ đẹp uy nghiêm cho không gian làm việc lãnh đạo.</p><h2>Công năng và Đặc điểm nổi bật</h2><h3>Vẻ đẹp nghệ thuật</h3><ul><li><b>Họa tiết tinh xảo:</b> Các chi tiết được gia công tỉ mỉ, sơn phủ bóng tôn vinh vân gỗ tự nhiên.</li><li><b>Kích thước bề thế:</b> Mặt bàn rộng, yếm bàn trang trí cầu kỳ tạo điểm nhấn uy quyền.</li></ul><h3>Vật liệu thượng hạng</h3><ul><li><b>Gỗ chọn lọc:</b> Khung gỗ thịt chắc chắn kết hợp Veneer nhập khẩu chống mối mọt.</li><li><b>Phụ kiện đồng bộ:</b> Tay nắm mạ đồng cổ điển tăng thêm sự sang trọng.</li></ul><h2>Cam kết của GetaGroup</h2><ul><li><b>Chế tác:</b> Đội ngũ thợ mộc tay nghề cao, đảm bảo độ tinh xảo.</li><li><b>Độ bền:</b> Sản phẩm có tuổi thọ cao, giữ giá trị theo năm tháng.</li><li><b>Vận chuyển:</b> Đảm bảo vận chuyển an toàn, không trầy xước.</li></ul>","Bàn giám đốc phong cách tân cổ điển, chế tác từ gỗ tự nhiên kết hợp Veneer. Đường nét chạm khắc tinh xảo, uy nghiêm, thể hiện vị thế người dẫn đầu. Sản phẩm bền bỉ, sang trọng vượt thời gian.",新古典传统大班台,欧式新古典风格办公桌，精选实木与高级木皮。精美雕花工艺，底座稳重。彰显社会地位与威严气质的绝佳选择，持久耐用且极具收藏价值。,<h2>产品简介</h2><p>经典永不落幕。这款大班台汲取欧式古典精华，结合现代精工，打造极具威严感与仪式感的办公环境。</p><h2>核心功能与优势</h2><h3>匠心雕琢</h3><ul><li><b>手工工艺：</b>每一处纹样均经过匠人打磨，层次分明，立体感强。</li><li><b>华贵质感：</b>多层钢琴烤漆，充分展示天然木材的尊贵纹理。</li></ul><h3>威严收纳</h3><ul><li><b>宽大台面：</b>长度足，轻松容纳各类办公设备及艺术摆件。</li><li><b>隐藏收纳：</b>多层抽屉配备高端复古拉手，取用顺畅。</li></ul><h2>GetaGroup 的承诺</h2><ul><li><b>严选材：</b>坚持使用特级木材，确保产品具备传世品质。</li><li><b>物流保障：</b>大件家具加固木架包装，确保运输零损耗。</li></ul>,GETA-OF-EXT,,,office-interior,办公家具,"executive_desk_034.webp, executive_desk_035.webp, executive_desk_036.webp, executive_desk_037.webp, executive_desk_038.webp, executive_desk_039.webp, executive_desk_040.webp, executive_desk_041.webp, executive_desk_042.webp, executive_desk_043.webp, executive_desk_044.webp",
Bàn Họp Chân Sắt Hiện Đại,"<h2>Giới thiệu sản phẩm</h2><p>Bàn họp hiện đại chân thoáng là giải pháp tối ưu cho các văn phòng năng động. Thiết kế tinh giản giúp loại bỏ cảm giác chật chội, tạo cảm hứng cho các buổi thảo luận nhóm hiệu quả.</p><h2>Công năng và Đặc điểm nổi bật</h2><h3>Kết cấu bền bỉ, thẩm mỹ</h3><ul><li><b>Khung chân thép:</b> Sơn tĩnh điện cao cấp, chống gỉ sét, thiết kế thanh mảnh nhưng chịu lực cực tốt.</li><li><b>Mặt bàn chống trầy:</b> Phủ lớp Melamine cao cấp, dễ dàng lau chùi các vết mực, vết bẩn.</li></ul><h3>Tính ứng dụng cao</h3><ul><li><b>Dễ dàng lắp đặt:</b> Cấu trúc module linh hoạt, thuận tiện cho việc di chuyển và sắp xếp lại không gian văn phòng.</li></ul><h2>Cam kết của GetaGroup</h2><ul><li>Sản phẩm đạt chuẩn chất lượng xuất khẩu.</li><li>Bảo hành 24 tháng cho khung và mặt bàn.</li><li>Hỗ trợ lắp đặt tận nơi tại Mộc Bài, Bavet.</li></ul>","Bàn họp thiết kế chân sắt sơn tĩnh điện thanh lịch, mặt gỗ công nghiệp MDF lõi xanh chống ẩm. Kiểu dáng hiện đại, tạo không gian làm việc thông thoáng và sáng tạo cho văn phòng. Phù hợp cho nhóm từ 6-10 người.",现代纤细腿会议桌,现代简约设计，静电喷涂金属腿搭配防潮环保桌面。营造透亮、高效的团队协作氛围。适用于6-10人会议，沐牌/巴域现货供应，厂家直销。,<h2>产品简介</h2><p>这款现代会议桌采用开放式脚架设计，不仅视觉上更加通透，也为与会者提供了更宽敞的腿部活动空间，是创意团队的首选。</p><h2>核心功能与优势</h2><h3>简约而不凡</h3><ul><li><b>坚固钢架：</b>高强度碳钢材质，稳固不晃动，经久耐用。</li><li><b>耐磨面板：</b>环保E1级板材，防刮、防腐蚀、易清理。</li></ul><h3>灵活办公</h3><ul><li><b>简易组装：</b>模块化结构，方便办公室布局调整。</li></ul><h2>GetaGroup 的承诺</h2><ul><li><b>出口级品质：</b>严格管控每一个生产环节。</li><li><b>本地化服务：</b>在沐牌与巴域提供专业上门安装。</li></ul>,GETA-OF-MT01,,,office-interior,办公家具,"meeting_desk_001.webp, meeting_desk_002.webp, meeting_desk_003.webp, meeting_desk_004.webp, meeting_desk_005.webp, meeting_desk_006.webp, meeting_desk_007.webp, meeting_desk_008.webp, meeting_desk_009.webp, meeting_desk_010.webp, meeting_desk_011.webp, meeting_desk_012.webp, meeting_desk_013.webp, meeting_desk_020.webp, meeting_desk_021.webp, meeting_desk_022.webp, meeting_desk_023.webp, meeting_desk_024.webp, meeting_desk_025.webp, meeting_desk_026.webp, meeting_desk_027.webp, meeting_desk_028.webp, meeting_desk_029.webp, meeting_desk_036.webp, meeting_desk_043.webp, meeting_desk_049.webp, meeting_desk_053.webp, meeting_desk_055.webp, meeting_desk_056.webp, meeting_desk_057.webp, meeting_desk_058.webp, meeting_desk_064.webp, meeting_desk_071.webp, meeting_desk_072.webp",
Bàn Họp Oval Bo Tròn,"<h2>Giới thiệu sản phẩm</h2><p>Bàn họp Oval mang lại sự mềm mại và kết nối tối đa giữa các thành viên. Trong phong thủy, các đường bo tròn giúp dòng khí lưu thông tốt, giảm bớt căng thẳng trong các cuộc đàm phán.</p><h2>Công năng và Đặc điểm nổi bật</h2><h3>Thiết kế tối ưu không gian</h3><ul><li><b>Diện tích sử dụng lớn:</b> Không có góc chết, giúp tận dụng tối đa số lượng ghế ngồi xung quanh bàn.</li><li><b>An toàn sử dụng:</b> Các góc được bo tròn mềm mại, tránh va chạm tổn thương cho người dùng.</li></ul><h3>Vật liệu cao cấp</h3><ul><li><b>Gỗ lõi xanh:</b> Khả năng chống ẩm và chống mối mọt vượt trội, phù hợp khí hậu nhiệt đới.</li></ul><h2>Cam kết của GetaGroup</h2><ul><li>Đội ngũ kỹ thuật đo đạc và tư vấn vị trí đặt bàn chuẩn phong thủy.</li><li>Cam kết chất lượng gỗ đúng chủng loại quảng cáo.</li><li>Giao hàng nhanh chóng, đúng tiến độ.</li></ul>","Bàn họp kiểu dáng Oval bo tròn tinh tế, tối ưu số lượng người ngồi và mang lại ý nghĩa phong thủy tốt lành. Mặt bàn dày dặn, chống trầy xước, đa dạng màu sắc vân gỗ. Lựa chọn hoàn hảo cho phòng họp sang trọng.",椭圆形时尚会议桌,椭圆形无角设计，促进团队沟通，符合商务办公风水。大尺寸桌面，多层防潮处理。安全、美观且实用，提升办公室装修档次。,<h2>产品简介</h2><p>椭圆形会议桌打破了传统的生硬线条，拉近了与会者之间的距离。圆润的弧度在办公风水中象征着和谐与圆满。</p><h2>核心功能与优势</h2><h3>空间利用最大化</h3><ul><li><b>无死角就坐：</b>环绕式座位安排，同等面积下可容纳更多参会人员。</li><li><b>防撞安全：</b>全桌边无锐角，有效防止磕碰，使用更舒心。</li></ul><h3>优质原材</h3><ul><li><b>防潮技术：</b>针对东南亚潮湿环境优化，核心板材具备极佳的抗湿性能。</li></ul><h2>GetaGroup 的承诺</h2><ul><li><b>专业风水咨询：</b>免费提供会议室布局建议。</li><li><b>真材实料：</b>杜绝回收料，确保产品健康无异味。</li></ul>,GETA-OF-MT02,,,office-interior,办公家具,"meeting_desk_018.webp, meeting_desk_019.webp, meeting_desk_030.webp, meeting_desk_033.webp, meeting_desk_039.webp, meeting_desk_042.webp, meeting_desk_046.webp, meeting_desk_052.webp, meeting_desk_070.webp, meeting_desk_074.webp",
Bàn Họp Hội Trường Lớn,"<h2>Giới thiệu sản phẩm</h2><p>Đây là dòng bàn họp quy mô lớn, thiết kế rỗng giữa giúp việc quản lý dây cáp và lắp đặt thiết bị âm thanh, trình chiếu trở nên dễ dàng và ngăn nắp hơn bao giờ hết.</p><h2>Công năng và Đặc điểm nổi bật</h2><h3>Quy mô bề thế</h3><ul><li><b>Kích thước lớn:</b> Đáp ứng từ 20-50 người ngồi cùng lúc tùy theo yêu cầu đặt hàng.</li><li><b>Hộp điện thông minh:</b> Tích hợp sẵn nắp nhôm bật, dễ dàng kết nối nguồn điện, mạng LAN và HDMI ngay tại chỗ ngồi.</li></ul><h3>Hoàn thiện sắc sảo</h3><ul><li><b>Bề mặt Veneer/Acrylic:</b> Tạo vẻ ngoài sang trọng, bóng bẩy, tôn vinh đẳng cấp không gian hội nghị.</li></ul><h2>Cam kết của GetaGroup</h2><ul><li>Sản xuất theo kích thước và yêu cầu riêng của từng công trình.</li><li>Đảm bảo hệ thống đi dây điện ngầm an toàn, thẩm mỹ.</li><li>Độ bền kết cấu trên 10 năm.</li></ul>","Bàn họp lớn rỗng giữa chuyên dụng cho hội trường và hội nghị cấp cao. Thiết kế bề thế, tích hợp hệ thống điện âm bàn thông minh. Phù hợp cho không gian rộng lớn, cần sự trang trọng và quy mô.",大型U型会议大班台,大型专业会议桌，中间镂空设计方便线缆管理。集成多功能智能接线盒，适用于大型多功能厅和高级商务谈判。气场强大，尽显企业实力。,<h2>产品简介</h2><p>专为大型会议室打造。中间镂空设计不仅方便安装投影和音响系统，更极大地优化了大型会议中的沟通动线。</p><h2>核心功能与优势</h2><h3>智能集成系统</h3><ul><li><b>铝合金线盒：</b>内置多个电源接口、网络及HDMI接口，满足现代数字化会议需求。</li><li><b>超大容量：</b>支持20人以上同时入座，结构稳固。</li></ul><h3>尊贵饰面</h3><ul><li><b>高级贴面工艺：</b>纹理自然，手感平整，展现商务合作的严肃与专业。</li></ul><h2>GetaGroup 的承诺</h2><ul><li><b>定制化生产：</b>根据您的会议室尺寸精确测量并下单。</li><li><b>十年耐用：</b>结构加固设计，抗压抗震。</li></ul>,GETA-OF-MT03,,,office-interior,办公家具,"meeting_desk_014.webp, meeting_desk_015.webp, meeting_desk_016.webp, meeting_desk_017.webp, meeting_desk_048.webp, meeting_desk_050.webp, meeting_desk_060.webp, meeting_desk_066.webp, meeting_desk_068.webp, meeting_desk_069.webp, meeting_desk_075.webp",
Bàn Họp Gỗ Truyền Thống,"<h2>Giới thiệu sản phẩm</h2><p>Bàn họp truyền thống với chân bệ dày dặn là biểu tượng của sự vững chãi và quyền lực. Sản phẩm dành cho những không gian họp mang tính chất trang trọng và trang nghiêm.</p><h2>Công năng và Đặc điểm nổi bật</h2><h3>Thiết kế uy nghiêm</h3><ul><li><b>Chân bệ bề thế:</b> Tạo sự vững chãi tuyệt đối, khẳng định vị thế của doanh nghiệp.</li><li><b>Yếm bàn trang trí:</b> Được chạm khắc hoặc trang trí tinh xảo, tạo sự kín đáo và sang trọng.</li></ul><h3>Độ bền vượt thời gian</h3><ul><li><b>Kỹ thuật sơn phủ:</b> Sử dụng sơn PU 5 lớp giúp bảo vệ bề mặt gỗ, chống thấm nước và giữ màu bền đẹp.</li></ul><h2>Cam kết của GetaGroup</h2><ul><li>Chất liệu gỗ chọn lọc, không cong vênh dưới tác động môi trường.</li><li>Hỗ trợ bảo trì, làm mới mặt bàn định kỳ cho khách hàng thân thiết.</li><li>Giá thành cạnh tranh nhất trong phân khúc nội thất truyền thống.</li></ul>","Bàn họp chân gỗ bệ vững chãi, kiểu dáng uy nghiêm và cổ điển. Chế tác từ gỗ công nghiệp cao cấp phủ Veneer vân gỗ tự nhiên. Phù hợp cho phòng họp lãnh đạo, cơ quan hành chính cần sự trang trọng tuyệt đối.",传统实木感会议桌,经典木质箱体脚设计，端庄稳重。高级木皮贴面，漆面光亮耐磨。是行政办公与正式会谈的理想之选，彰显威严与传统美学。,<h2>产品简介</h2><p>传统风格会议桌以其厚重的底座设计，给人以坚实、可信的印象。它是企业文化底蕴与稳健经营风格的视觉缩影。</p><h2>核心功能与优势</h2><h3>威严稳重</h3><ul><li><b>箱式桌脚：</b>提供极致的稳定性，内部可作为隐蔽的走线空间。</li><li><b>装饰挡板：</b>加厚挡板设计，确保参会者隐私，外观大气。</li></ul><h3>精工细作</h3><ul><li><b>五层环保漆：</b>表面如镜面般平整，防水耐高温，历久弥新。</li></ul><h2>GetaGroup 的承诺</h2><ul><li><b>匠心工艺：</b>每一张桌子都经过资深木工精细打磨。</li><li><b>性价比之王：</b>以厂家直销价享受高端木质家具品质。</li></ul>,GETA-OF-MT04,,,office-interior,办公家具,"meeting_desk_031.webp, meeting_desk_032.webp, meeting_desk_034.webp, meeting_desk_035.webp, meeting_desk_037.webp, meeting_desk_038.webp, meeting_desk_040.webp, meeting_desk_041.webp, meeting_desk_044.webp, meeting_desk_045.webp, meeting_desk_047.webp, meeting_desk_051.webp, meeting_desk_059.webp, meeting_desk_062.webp, meeting_desk_063.webp, meeting_desk_067.webp, meeting_desk_073.webp, meeting_desk_076.webp, meeting_desk_077.webp",
Bàn Nhân Viên Chân Sắt Hiện Đại,"<h2>Giới thiệu sản phẩm</h2><p>Bàn nhân viên chân thoáng là lựa chọn hàng đầu cho các văn phòng hiện đại. Thiết kế loại bỏ các chi tiết thừa, tập trung vào sự tinh giản, giúp tối ưu diện tích và tạo cảm hứng sáng tạo cho nhân sự.</p><h2>Công năng và Đặc điểm nổi bật</h2><h3>Thiết kế chân sắt thanh lịch</h3><ul><li><b>Khung chân thép:</b> Sơn tĩnh điện chống rỉ sét, kết cấu vững chắc nhưng vẫn đảm bảo tính thẩm mỹ, dễ dàng vệ sinh sàn nhà.</li><li><b>Mặt bàn cao cấp:</b> Phủ Melamine chống trầy xước, đa dạng màu sắc từ vân gỗ sáng đến màu trung tính.</li></ul><h3>Tối ưu trải nghiệm</h3><ul><li><b>Hệ thống luồn dây:</b> Tích hợp nắp hộp điện tinh tế, giữ mặt bàn luôn gọn gàng, chuyên nghiệp.</li></ul><h2>Cam kết của GetaGroup</h2><ul><li>Sản phẩm bền đẹp, chịu tải trọng cao.</li><li>Bảo hành 24 tháng chính hãng.</li><li>Hỗ trợ lắp đặt nhanh tại Mộc Bài và Bavet.</li></ul>","Bàn nhân viên thiết kế chân sắt sơn tĩnh điện thoáng đãng, mang phong cách tối giản hiện đại. Mặt bàn gỗ MDF lõi xanh chống ẩm, chịu lực tốt. Giải pháp hoàn hảo cho văn phòng mở, giúp không gian làm việc rộng rãi và năng động hơn.",现代简约纤细腿员工桌,现代感设计的静电喷涂金属腿办公桌，风格简约时尚。采用环保防潮板材，结构稳固。适用于开放式办公空间，营造清爽、高效的团队工作氛围。,<h2>产品简介</h2><p>这款员工桌去繁就简，专为追求效率的现代企业打造。极简的线条设计不仅视觉上更显通透，也大大提升了办公空间的利用率。</p><h2>核心功能与优势</h2><h3>极简金属架工艺</h3><ul><li><b>坚固耐用：</b>加厚钢材底座，抗氧化、防腐蚀，确保长期使用不摇晃。</li><li><b>环保面板：</b>E1级防潮板材，耐刮擦且易于清洁，保持桌面历久弥新。</li></ul><h3>人性化设计</h3><ul><li><b>布线管理：</b>配备精美走线盒，轻松收纳各类电线，告别桌面凌乱。</li></ul><h2>GetaGroup 的承诺</h2><ul><li><b>生产品质：</b>每一件产品都经过严格的质量检测。</li><li><b>长效质保：</b>提供24个月品牌官方保修服务。</li><li><b>快速交付：</b>沐牌与巴域地区下单后快速送货安装。</li></ul>,GETA-OF-ST01,,,office-interior,办公家具,"employee_desk_001.webp, employee_desk_011.webp, employee_desk_012.webp, employee_desk_021.webp, employee_desk_022.webp, employee_desk_023.webp, employee_desk_032.webp, employee_desk_034.webp, employee_desk_035.webp, employee_desk_036.webp, employee_desk_037.webp, employee_desk_040.webp, employee_desk_042.webp, employee_desk_045.webp, employee_desk_065.webp, employee_desk_067.webp, employee_desk_069.webp, employee_desk_071.webp",
Bàn Nhân Viên Có Hộc Liền,"<h2>Giới thiệu sản phẩm</h2><p>Đây là mẫu bàn làm việc đa năng, kết hợp hoàn hảo giữa không gian ngồi và khả năng lưu trữ. Bàn có hộc liền giúp nhân viên dễ dàng quản lý tài liệu, nâng cao hiệu suất làm việc.</p><h2>Công năng và Đặc điểm nổi bật</h2><h3>Tiện ích lưu trữ tối đa</h3><ul><li><b>Hộc tủ đi kèm:</b> Gồm ngăn kéo và ngăn cánh mở có khóa, bảo vệ tài liệu quan trọng và đồ dùng cá nhân an toàn.</li><li><b>Ray trượt giảm chấn:</b> Giúp đóng mở êm ái, không gây tiếng ồn ảnh hưởng đồng nghiệp.</li></ul><h3>Độ bền vượt trội</h3><ul><li><b>Chất liệu gỗ chọn lọc:</b> Gỗ công nghiệp đạt chuẩn E1, không mùi độc hại, chống ẩm mốc và cong vênh tuyệt đối.</li></ul><h2>Cam kết của GetaGroup</h2><ul><li>Giá sỉ tận xưởng, tiết kiệm chi phí đầu tư.</li><li>Đảm bảo đúng quy cách và chất lượng gỗ mô tả.</li><li>Giao hàng và lắp đặt trọn gói chuyên nghiệp.</li></ul>","Bàn làm việc nhân viên tích hợp hộc tủ và ngăn kéo tiện dụng. Thiết kế thông minh giúp lưu trữ hồ sơ và đồ dùng cá nhân an toàn với khóa bảo mật. Chất liệu gỗ chống ẩm, bề mặt mịn đẹp, phù hợp cho mọi không gian văn phòng.",连体抽屉实用办公桌,集办公与收纳于一体的实用型员工桌。自带独立储物柜与静音抽屉，配备安全锁扣。木质细腻防潮，是大容量文件管理与私人办公的理想选择。,<h2>产品简介</h2><p>这是一款兼具美感与功能性的多功能办公桌。一体化抽屉设计不仅方便员工存放办公用品，更能在繁忙的工作中保持个人位的整洁有序。</p><h2>核心功能与优势</h2><h3>强大的收纳能力</h3><ul><li><b>自带侧柜：</b>包含带锁抽屉与大容量柜体，确保重要文件及私人财务的安全。</li><li><b>静音滑轨：</b>采用高端液压滑轨，开关顺滑无噪音，不干扰周围同事。</li></ul><h3>优质材质保障</h3><ul><li><b>防潮板材：</b>针对热带气候优化，防霉抗变形。表面纹理自然，手感平整。</li></ul><h2>GetaGroup 的承诺</h2><ul><li><b>厂家直销：</b>以出厂价格享受高端商用家具品质。</li><li><b>规格保准：</b>尺寸精准，符合人体工学标准。</li><li><b>上门服务：</b>专业团队负责搬运与现场组装，售后无忧。</li></ul>,GETA-OF-ST02,,,office-interior,办公家具,"employee_desk_003.webp, employee_desk_004.webp, employee_desk_005.webp, employee_desk_006.webp, employee_desk_007.webp, employee_desk_008.webp, employee_desk_009.webp, employee_desk_013.webp, employee_desk_014.webp, employee_desk_015.webp, employee_desk_016.webp, employee_desk_017.webp, employee_desk_018.webp, employee_desk_019.webp, employee_desk_020.webp, employee_desk_024.webp, employee_desk_025.webp, employee_desk_026.webp, employee_desk_027.webp, employee_desk_028.webp, employee_desk_029.webp, employee_desk_030.webp, employee_desk_033.webp, employee_desk_038.webp, employee_desk_039.webp, employee_desk_041.webp, employee_desk_043.webp, employee_desk_044.webp, employee_desk_046.webp, employee_desk_053.webp, employee_desk_054.webp, employee_desk_057.webp, employee_desk_058.webp, employee_desk_062.webp, employee_desk_068.webp, employee_desk_070.webp",
Bàn Nhân Viên Chữ L Tối Ưu,"<h2>Giới thiệu sản phẩm</h2><p>Bàn làm việc chữ L mang lại diện tích sử dụng vượt trội mà vẫn tiết kiệm không gian. Với thiết kế góc vuông tinh tế, sản phẩm giúp biến những ""góc chết"" trong văn phòng thành vị trí làm việc lý tưởng.</p><h2>Công năng và Đặc điểm nổi bật</h2><h3>Không gian làm việc rộng rãi</h3><ul><li><b>Mặt bàn kép:</b> Cho phép phân chia khu vực làm việc máy tính và khu vực xử lý văn bản riêng biệt, tăng 50% hiệu quả làm việc.</li><li><b>Thiết kế bo góc:</b> An toàn khi di chuyển và tạo cảm giác không gian làm việc bao quanh người dùng.</li></ul><h3>Phụ kiện đi kèm</h3><ul><li><b>Tủ phụ linh hoạt:</b> Có thể lắp đặt bên trái hoặc phải tùy theo thói quen và diện tích phòng.</li></ul><h2>Cam kết của GetaGroup</h2><ul><li>Thi công chuẩn kích thước theo yêu cầu khách hàng.</li><li>Sử dụng phụ kiện bản lề, ray trượt cao cấp.</li><li>Dịch vụ hậu mãi tận tâm, bảo trì trọn đời.</li></ul>","Bàn nhân viên dáng chữ L thiết kế bo góc, tối ưu không gian tại các góc tường hoặc tạo module làm việc nhóm. Diện tích mặt bàn rộng rãi, lý tưởng cho nhân sự cần sử dụng nhiều màn hình hoặc xử lý khối lượng hồ sơ lớn.",L型转角空间优化桌,L型弧度设计，完美适配办公室墙角或组合办公位。超大操作台面，支持多显示器办公。科学分区，极大提升员工的操作空间与工作舒适度。,<h2>产品简介</h2><p>L型办公桌是空间利用的“魔术师”。通过巧妙的转角设计，在有限的办公面积内为员工提供最大的操作平面，尤其适合需要处理大量文档的岗位。</p><h2>核心功能与优势</h2><h3>宽敞的双向工作台</h3><ul><li><b>双面操作：</b>可清晰划分电脑区与书写区，提升多任务处理效率。</li><li><b>圆润封边：</b>边缘采用精密封边工艺，手感圆润，防止意外磕碰。</li></ul><h3>灵活布局</h3><ul><li><b>副柜定制：</b>可根据办公室实际动线选择左侧或右侧副柜，适应性极强。</li></ul><h2>GetaGroup 的承诺</h2><ul><li><b>定制化支持：</b>根据您的具体办公面积提供尺寸定制建议。</li><li><b>结构耐压：</b>加固板材设计，承重力强，经久耐用。</li></ul>,GETA-OF-ST03,,,office-interior,办公家具,"employee_desk_010.webp, employee_desk_031.webp, employee_desk_055.webp, employee_desk_056.webp, employee_desk_060.webp, employee_desk_064.webp, employee_desk_066.webp",
Bàn Làm Việc Dạng Khối Gỗ,"<h2>Giới thiệu sản phẩm</h2><p>Mẫu bàn dạng khối mang phong cách thiết kế truyền thống, tập trung vào sự kiên cố và uy nghiêm. Đây là sự lựa chọn hoàn hảo cho các phòng ban cần sự nghiêm túc và tập trung cao.</p><h2>Công năng và Đặc điểm nổi bật</h2><h3>Kết cấu vững chãi</h3><ul><li><b>Chân bệ dày dặn:</b> Tạo sự ổn định tuyệt đối, không rung lắc, mang lại cảm giác an tâm khi làm việc lâu dài.</li><li><b>Yếm bàn kín đáo:</b> Thiết kế yếm bàn sát đất tạo không gian riêng tư và lịch sự cho người ngồi.</li></ul><h3>Chất liệu cao cấp</h3><ul><li><b>Bề mặt hoàn thiện:</b> Phủ Veneer hoặc Melamine cao cấp chống thấm nước, chống cháy nhẹ và dễ dàng lau chùi.</li></ul><h2>Cam kết của GetaGroup</h2><ul><li>Sản phẩm mang lại giá trị sử dụng lâu bền trên 10 năm.</li><li>Chính sách chiết khấu cực tốt cho dự án số lượng lớn.</li><li>Sẵn hàng cung ứng ngay cho các văn phòng tại biên giới.</li></ul>","Bàn làm việc dạng khối truyền thống với chân gỗ bệ vững chãi, kiểu dáng uy nghiêm và chắc chắn. Sản phẩm mang vẻ đẹp cổ điển, bề thế, tạo sự kín đáo và tập trung cao độ cho người ngồi. Phù hợp cho văn phòng đòi hỏi sự trang trọng.",传统板式稳重办公桌,传统箱式脚设计，端庄稳重。加厚挡板提供极佳的隐私保护。实木感贴面，气场强大且耐磨耐脏。适用于行政机关及需要严肃氛围的办公环境。,<h2>产品简介</h2><p>这款传统板式办公桌以厚重的底座结构展现出沉稳、可靠的职业形象。它是对经典办公美学的致敬，能有效营造专注的工作氛围。</p><h2>核心功能与优势</h2><h3>稳固支撑系统</h3><ul><li><b>落地式桌脚：</b>提供极致的稳定性，给人以踏实感，有效减少工作中的细微震动。</li><li><b>隐私挡板：</b>高挡板设计确保腿部空间隐蔽，符合职场商务礼仪。</li></ul><h3>易维护饰面</h3><ul><li><b>高压贴面：</b>防霉、防潮、耐热。只需简单擦拭即可保持光洁如新。</li></ul><h2>GetaGroup 的承诺</h2><ul><li><b>经典传承：</b>保证木工工艺精湛，接缝严密。</li><li><b>项目特供：</b>针对大宗采购及赌场、酒店配套提供专属优惠。</li></ul>,GETA-OF-ST04,,,office-interior,办公家具,"employee_desk_002.webp, employee_desk_047.webp, employee_desk_048.webp, employee_desk_049.webp, employee_desk_050.webp, employee_desk_051.webp, employee_desk_052.webp",
Bàn Đơn Có Vách Ngăn,"<h2>Giới thiệu sản phẩm</h2><p>Bàn làm việc đơn có vách ngăn là giải pháp hoàn hảo để tạo ra không gian cá nhân yên tĩnh trong một văn phòng mở. Sản phẩm giúp nhân sự tập trung tối đa vào công việc chuyên môn mà vẫn đảm bảo tính thẩm mỹ cho tổng thể văn phòng.</p><h2>Công năng và Đặc điểm nổi bật</h2><h3>Thiết kế riêng tư, hiện đại</h3><ul><li><b>Vách ngăn tiêu chuẩn:</b> Chiều cao vách ngăn được tính toán khoa học, giúp giảm tiếng ồn và ngăn cách tầm mắt nhưng không gây cảm giác bí bách.</li><li><b>Mặt bàn rộng rãi:</b> Đủ không gian cho máy tính, tài liệu và các vật dụng cá nhân.</li></ul><h3>Chất liệu bền bỉ</h3><ul><li><b>Khung nhôm định hình:</b> Vách ngăn được bọc khung nhôm sơn tĩnh điện, không rỉ sét, độ bền cực cao.</li><li><b>Gỗ đạt chuẩn E1:</b> Mặt bàn gỗ công nghiệp lõi xanh chống ẩm, phủ Melamine chống trầy xước.</li></ul><h2>Cam kết của GetaGroup</h2><ul><li>Sản phẩm đúng thông số kỹ thuật, gia công sắc sảo.</li><li>Lắp đặt chuyên nghiệp, xử lý hệ thống dây điện âm bàn gọn gàng.</li><li>Bảo hành 24 tháng tận nơi tại Mộc Bài và Bavet.</li></ul>","Bàn làm việc đơn tích hợp vách ngăn kính hoặc nỉ cao cấp. Thiết kế dành riêng cho quản lý hoặc cá nhân cần sự tập trung cao độ. Chất liệu gỗ MDF chống ẩm, khung nhôm định hình chắc chắn, mang lại không gian làm việc riêng tư và chuyên nghiệp.",屏风单人办公桌,专为管理人员或需要高度专注的人士设计。配备高端铝框屏风，防潮木质桌面。提供私密且现代的工作空间，有效提升办公效率。沐牌/巴域现货直销。,<h2>产品简介</h2><p>屏风单人位是开放式办公环境中创造个人私密空间的理想方案。它能有效阻隔外部噪音与视线干扰，让员工专注于核心业务，同时提升整体办公装修的档次。</p><h2>核心功能与优势</h2><h3>私密与美感的结合</h3><ul><li><b>标准高度屏风：</b>采用科学计算的屏风高度，既能保护隐私，又不会产生压迫感。</li><li><b>宽大操作面：</b>支持放置双显示器、文档及个人办公用品。</li></ul><h3>优质耐用材</h3><ul><li><b>航空级铝材：</b>屏风框架采用静电喷涂工艺，防锈耐磨，结构稳固。</li><li><b>环保面板：</b>E1级防潮板材，耐刮擦、易清理，符合长期办公标准。</li></ul><h2>GetaGroup 的郑重承诺</h2><ul><li><b>精工品质：</b>每一处封边与接缝都力求严丝合缝。</li><li><b>专业售后：</b>提供24个月品牌官方质保。</li></ul>,GETA-WS-01,,,office-interior,办公家具,"employee_workstations_(with_partitions)_001.webp, employee_workstations_(with_partitions)_002.webp, employee_workstations_(with_partitions)_003.webp, employee_workstations_(with_partitions)_004.webp, employee_workstations_(with_partitions)_005.webp, employee_workstations_(with_partitions)_006.webp, employee_workstations_(with_partitions)_007.webp, employee_workstations_(with_partitions)_008.webp, employee_workstations_(with_partitions)_009.webp, employee_workstations_(with_partitions)_010.webp, employee_workstations_(with_partitions)_011.webp, employee_workstations_(with_partitions)_012.webp, employee_workstations_(with_partitions)_013.webp, employee_workstations_(with_partitions)_014.webp, employee_workstations_(with_partitions)_015.webp, employee_workstations_(with_partitions)_016.webp, employee_workstations_(with_partitions)_017.webp, employee_workstations_(with_partitions)_018.webp, employee_workstations_(with_partitions)_019.webp, employee_workstations_(with_partitions)_020.webp, employee_workstations_(with_partitions)_021.webp, employee_workstations_(with_partitions)_022.webp, employee_workstations_(with_partitions)_023.webp, employee_workstations_(with_partitions)_024.webp, employee_workstations_(with_partitions)_025.webp, employee_workstations_(with_partitions)_026.webp, employee_workstations_(with_partitions)_030.webp, employee_workstations_(with_partitions)_031.webp, employee_workstations_(with_partitions)_034.webp, employee_workstations_(with_partitions)_035.webp, employee_workstations_(with_partitions)_036.webp, employee_workstations_(with_partitions)_037.webp",
Cụm Bàn Làm Việc 2 Chỗ,"<h2>Giới thiệu sản phẩm</h2><p>Cụm bàn đôi là lựa chọn tinh tế cho các phòng ban làm việc theo nhóm nhỏ. Với thiết kế module thông minh, sản phẩm giúp tiết kiệm diện tích sàn tối đa mà vẫn đảm bảo mỗi nhân viên đều có không gian làm việc thoải mái.</p><h2>Công năng và Đặc điểm nổi bật</h2><h3>Tối ưu diện tích và kết nối</h3><ul><li><b>Vách ngăn thông minh:</b> Ngăn cách hai không gian làm việc đối diện, tích hợp phụ kiện treo tài liệu hoặc bảng ghi chú.</li><li><b>Hệ thống chân sắt vững chãi:</b> Chân bàn sơn tĩnh điện chịu lực tốt, thiết kế thoáng giúp văn phòng trở nên rộng rãi hơn.</li></ul><h3>Tiện ích đi kèm</h3><ul><li><b>Hộp điện kỹ thuật:</b> Mỗi vị trí ngồi đều được trang bị nắp luồn dây điện, giúp quản lý dây cáp máy tính ngăn nắp.</li></ul><h2>Cam kết của GetaGroup</h2><ul><li>Giá thành cạnh tranh, phù hợp cho startup và doanh nghiệp vừa và nhỏ.</li><li>Chất liệu an toàn, thân thiện với môi trường.</li><li>Giao hàng nhanh chóng, đúng tiến độ cam kết.</li></ul>",Cụm bàn đôi (Workstation 2 chỗ) thiết kế đối diện hoặc song song có vách ngăn ở giữa. Giải pháp tối ưu cho nhóm làm việc 2 người hoặc các văn phòng có diện tích hạn chế. Giúp tăng tính tương tác nhưng vẫn giữ được sự riêng tư cần thiết.,对坐双人办公位,现代简约双人工作位，对坐设计节省空间。配备中间隔离屏风，平衡团队协作与个人隐私。采用加厚钢脚支撑，稳固耐用，是中小型办公室的高效之选。,<h2>产品简介</h2><p>双人位办公桌是小型团队协作的精选方案。通过模块化的对坐设计，在极小的占地面积内提供两组完整的办公功能，极大地优化了空间利用率。</p><h2>核心功能与优势</h2><h3>空间优化与沟通</h3><ul><li><b>智能屏风：</b>有效划分个人领地，可粘贴备忘录或挂置收纳配件。</li><li><b>极简钢架结构：</b>提供充足的腿部活动空间，视觉上使办公室更显宽敞明亮。</li></ul><h3>人性化配置</h3><ul><li><b>多功能线槽：</b>配备翻盖式集线盒，轻松收纳充电线与网线，保持桌面整洁。</li></ul><h2>GetaGroup 的郑重承诺</h2><ul><li><b>厂家直销：</b>为初创企业和赌场办公区提供最具竞争力的批发价。</li><li><b>环保无异味：</b>所有板材均经过环保认证，确保员工呼吸健康。</li></ul>,GETA-WS-02,,,office-interior,办公家具,"employee_workstations_(with_partitions)_023.webp, employee_workstations_(with_partitions)_028.webp, employee_workstations_(with_partitions)_029.webp, employee_workstations_(with_partitions)_038.webp, employee_workstations_(with_partitions)_039.webp, employee_workstations_(with_partitions)_040.webp",
Cụm Bàn Làm Việc 4 Chỗ,"<h2>Giới thiệu sản phẩm</h2><p>Workstation 4 chỗ là kiểu dáng phổ biến nhất trong các văn phòng hiện đại. Thiết kế tạo thành một block vuông vức, giúp việc bố trí phòng ban trở nên khoa học, gọn gàng và dễ dàng quản lý nhân sự.</p><h2>Công năng và Đặc điểm nổi bật</h2><h3>Bố cục Workstation khoa học</h3><ul><li><b>Vách ngăn chữ thập:</b> Phân chia 4 vị trí ngồi độc lập, đảm bảo mỗi cá nhân đều có góc làm việc riêng tư trong một tập thể thống nhất.</li><li><b>Hệ thống hộc tủ:</b> Có thể kết hợp hộc di động hoặc hộc liền sát đất để lưu trữ hồ sơ cá nhân an toàn.</li></ul><h3>Chất liệu cao cấp</h3><ul><li><b>Mặt bàn MDF lõi xanh:</b> Khả năng chống ẩm tuyệt vời, phù hợp với khí hậu nhiệt đới.</li><li><b>Phụ kiện đồng bộ:</b> Tay nắm ngăn kéo, ổ khóa và nắp điện được chọn lọc kỹ lưỡng, bền đẹp.</li></ul><h2>Cam kết của GetaGroup</h2><ul><li>Cung cấp giải pháp trọn gói từ khảo sát đến thi công.</li><li>Đảm bảo sản phẩm đồng bộ, thẩm mỹ cao.</li><li>Chiết khấu hấp dẫn cho dự án số lượng lớn.</li></ul>","Cụm bàn làm việc 4 chỗ (Workstation 4) dạng khối vuông vắn, tạo không gian làm việc chuyên nghiệp cho các phòng ban. Vách ngăn chữ thập giúp phân chia vị trí rõ ràng, tích hợp hộc tủ cá nhân, tối ưu hiệu suất làm việc nhóm.",十字型四人办公位,经典十字型四人工作站，方正美观。有效组织部门区域，配备侧边柜与安全锁。大容量收纳与独立空间并存，是现代化企业部门办公的最佳配置。,<h2>产品简介</h2><p>四人位工作站是大型办公区最常用的布局方式。其方正的块状结构便于部门划分，能有效提升管理效率，是追求秩序感的企业的首选。</p><h2>核心功能与优势</h2><h3>科学的空间布局</h3><ul><li><b>十字交叉屏风：</b>将空间等分为四个独立的L型或一字型位，确保私密性。</li><li><b>一体化收纳：</b>可搭配固定或移动储物柜，确保每个人的工作空间井然有序。</li></ul><h3>卓越耐用性</h3><ul><li><b>高品质防潮板：</b>针对东南亚气候设计，抗湿热性能优越，长久使用不变形。</li></ul><h2>GetaGroup 的郑重承诺</h2><ul><li><b>一站式方案：</b>从实地测量到效果图设计，再到现场安装。</li><li><b>大宗采购优惠：</b>针对赌场、酒店、行政中心提供专项项目价。</li></ul>,GETA-WS-03,,,office-interior,办公家具,"employee_workstations_(with_partitions)_027.webp,  employee_workstations_(with_partitions)_033.webp",
Cụm Bàn Dãy Dài Đa Năng,"<h2>Giới thiệu sản phẩm</h2><p>Bàn dãy dài là chìa khóa cho bài toán tối ưu không gian tại các văn phòng có số lượng nhân sự lớn. Thiết kế module kéo dài vô hạn giúp tận dụng mọi diện tích chiều dài của văn phòng, tạo nên một hệ thống làm việc liên kết chặt chẽ.</p><h2>Công năng và Đặc điểm nổi bật</h2><h3>Khả năng mở rộng linh hoạt</h3><ul><li><b>Module nối dài:</b> Có thể lắp ghép thêm các vị trí ngồi mới một cách dễ dàng mà không cần thay đổi cấu trúc cũ.</li><li><b>Hệ thống máng điện:</b> Chạy dọc theo dãy bàn, giúp cấp nguồn cho toàn bộ máy tính một cách thẩm mỹ và an toàn.</li></ul><h3>Thẩm mỹ hiện đại</h3><ul><li><b>Vách ngăn kính/mica:</b> Tạo cảm giác không gian mở, không che khuất tầm nhìn, giúp văn phòng luôn sáng sủa và năng động.</li></ul><h2>Cam kết của GetaGroup</h2><ul><li>Đội ngũ tư vấn thiết kế mặt bằng tối ưu diện tích nhất cho khách hàng.</li><li>Khung kết cấu chịu lực cực tốt, đảm bảo không rung lắc khi ngồi nhiều người.</li><li>Hỗ trợ bảo trì định kỳ cho các dự án văn phòng và Casino.</li></ul>","Cụm bàn làm việc dãy dài (3, 6 hoặc nhiều hơn) dành cho văn phòng dạng mở. Thiết kế dãy dài đối diện giúp tối ưu không gian, dễ dàng mở rộng khi quy mô nhân sự tăng lên. Tích hợp vách ngăn kính hiện đại và hệ thống điện âm sàn.",连排长条办公位,连排式长条办公位，支持3人、6人或多人位无限延伸。开放式办公设计，优化团队沟通。配备隐藏式走线槽，是大型呼叫中心或赌场行政区的空间优化神器。,<h2>产品简介</h2><p>连排办公位是大型办公区域空间利用最大化的终极方案。无限延伸的模块化设计，能完美适配各种长度的办公场地，营造极具现代感的团队氛围。</p><h2>核心功能与优势</h2><h3>极致的扩展性</h3><ul><li><b>模块化拼装：</b>随着人员增加，可轻松增设办公位，无需重新购置家具。</li><li><b>强弱电集成：</b>长条形走线槽贯穿整排桌面，确保办公用电安全且美观。</li></ul><h3>通透办公美学</h3><ul><li><b>玻璃/亚克力屏风：</b>不阻挡光线与视线，鼓励员工间的灵感互动，提升办公室活力。</li></ul><h2>GetaGroup 的郑重承诺</h2><ul><li><b>专业规划建议：</b>根据您的办公平面图，规划最高效的入座路径。</li><li><b>极速交付：</b>沐牌/巴域边境地区提供快速配送与专业组装。</li></ul>,GETA-WS-04,,,office-interior,办公家具,"employee_workstations_(with_partitions)_032.webp, employee_workstations_(with_partitions)_041.webp",
Quầy Lễ Tân Chữ I Hiện Đại,"<h2>Giới thiệu sản phẩm</h2><p>Quầy lễ tân chữ I là lựa chọn kinh điển cho không gian đón khách hiện đại. Với thiết kế dáng thẳng gọn gàng, sản phẩm giúp tối ưu diện tích sảnh chờ mà vẫn đảm bảo được công năng đón tiếp khách hàng một cách chỉn chu nhất.</p><h2>Công năng và Đặc điểm nổi bật</h2><h3>Thiết kế tinh gọn, hiện đại</h3><ul><li><b>Kiểu dáng tối giản:</b> Đường nét vuông vắn, dễ dàng phối hợp với nhiều phong cách nội thất khác nhau.</li><li><b>Mặt bàn rộng:</b> Chiều cao mặt bàn được thiết kế vừa tầm, tạo sự thoải mái cho cả nhân viên và khách hàng khi giao dịch.</li></ul><h3>Chất liệu và Hoàn thiện</h3><ul><li><b>Cốt gỗ lõi xanh:</b> Khả năng chống ẩm và độ bền cao, không cong vênh dưới tác động của máy lạnh hay môi trường nhiệt đới.</li><li><b>Tích hợp tiện ích:</b> Bên trong quầy được chia ngăn khoa học để máy tính, sổ sách và hộc tủ có khóa an toàn.</li></ul><h2>Cam kết từ GetaGroup</h2><ul><li>Sản phẩm gia công tỉ mỉ, độ hoàn thiện sắc sảo.</li><li>Lắp đặt trọn gói, xử lý hệ thống dây điện thẩm mỹ.</li><li>Bảo hành 24 tháng chính hãng tại khu vực Mộc Bài, Bavet.</li></ul>","Quầy lễ tân dáng thẳng (chữ I) thiết kế tối giản, tinh tế. Chất liệu gỗ MDF chống ẩm cao cấp kết hợp chỉ nhôm hoặc đèn LED trang trí. Giải pháp hoàn hảo cho sảnh văn phòng hoặc showroom có diện tích vừa và nhỏ, mang lại vẻ đẹp thanh lịch và chuyên nghiệp.",现代I型简约前台,I型直线设计前台，外观简洁大方。采用高品质防潮板材，搭配现代装饰线条。占用空间小且功能齐全，是中小型办公室及展厅提升专业形象的理想方案。沐牌/巴域现货直销。,<h2>产品简介</h2><p>I型前台以其简约的直线条设计，展现出干练的商务气息。它是现代办公空间中不可或缺的行政核心，在节省空间的同时，为客户提供第一时间的专业接待感受。</p><h2>核心功能与优势</h2><h3>极简主义风格</h3><ul><li><b>结构紧凑：</b>方正外型可适配各种墙面，不浪费每一寸办公面积。</li><li><b>人体工学高度：</b>接待台高度经过科学设定，确保员工与客户间的互动轻松自然。</li></ul><h3>优质板材保证</h3><ul><li><b>环保防潮：</b>采用高品质E1级内芯，无异味，防腐蚀。内部设有主机位与理线孔，让工作面告别凌乱。</li></ul><h2>GetaGroup 的郑重承诺</h2><ul><li><b>精工制造：</b>确保每一处转角和封边都圆润平整。</li><li><b>极速发货：</b>边境地区常备现货，下单即送。</li></ul>,GETA-OF-RT01,,,office-interior,办公家具,"reception_desk_001.webp, reception_desk_003.webp, reception_desk_004.webp, reception_desk_007.webp, reception_desk_008.webp, reception_desk_009.webp, reception_desk_010.webp, reception_desk_011.webp, reception_desk_012.webp, reception_desk_014.webp, reception_desk_016.webp, reception_desk_017.webp",
Quầy Lễ Tân Chữ L Sang Trọng,"<h2>Giới thiệu sản phẩm</h2><p>Quầy lễ tân chữ L mang lại cảm giác bề thế và uy nghiêm ngay từ cái nhìn đầu tiên. Với thiết kế góc bao quanh, sản phẩm tạo ra một khu vực làm việc biệt lập và chuyên nghiệp cho nhân viên lễ tân, đồng thời thể hiện tầm vóc của doanh nghiệp.</p><h2>Công năng và Đặc điểm nổi bật</h2><h3>Tối ưu không gian góc</h3><ul><li><b>Diện tích làm việc lớn:</b> Thiết kế chữ L giúp nhân viên có thêm không gian để xử lý hồ sơ, điện thoại và các thiết bị văn phòng mà không gây lộn xộn trước mặt khách.</li><li><b>Phân khu chức năng:</b> Có khu vực dành riêng cho việc ký nhận tài liệu và khu vực trao đổi riêng biệt.</li></ul><h3>Vật liệu thượng hạng</h3><ul><li><b>Bề mặt đá/Acrylic:</b> Chống thấm, chống trầy và cực kỳ sang trọng dưới ánh đèn sảnh.</li><li><b>Hệ thống hộc tủ liền quầy:</b> Tối đa hóa khả năng lưu trữ tài liệu quan trọng ngay tại quầy.</li></ul><h2>Cam kết từ GetaGroup</h2><ul><li>Sản xuất theo kích thước thực tế của công trình.</li><li>Giá gốc tận xưởng, không qua trung gian.</li><li>Dịch vụ hậu mãi chu đáo, hỗ trợ bảo trì nhanh chóng.</li></ul>","Quầy lễ tân dáng chữ L thiết kế góc vuông bề thế, tối ưu không gian tại sảnh lớn. Chất liệu gỗ phối màu cao cấp, mặt đá nhân tạo chống trầy xước. Tích hợp không gian lưu trữ rộng rãi, là điểm nhấn đẳng cấp cho các doanh nghiệp và Casino quy mô lớn.",豪华L型转角前台,L型转角前台，气场强大且功能丰富。超长操作台面配合大容量储物抽屉，采用高级防刮材质。专为大型酒店、赌场及高端会所打造，彰显企业非凡实力。,<h2>产品简介</h2><p>L型转角前台不仅是接待台，更是一个独立的行政工作站。其环抱式设计为员工提供了极佳的心理安全感和操作广度，同时也为企业形象定下了尊贵的基调。</p><h2>核心功能与优势</h2><h3>转角空间利用</h3><ul><li><b>超大办公区：</b>双向操作台面可清晰划分接待区与文档处理区，工作忙而不乱。</li><li><b>分层设计：</b>高低台面设计，高区用于接待客户，低区隐藏电脑屏幕，保护信息私密。</li></ul><h3>商务级耐用度</h3><ul><li><b>加厚台面：</b>可选配人造石或高级烤漆饰面，耐磨防撞，历久弥新。内置带锁抽屉，确保文件安全。</li></ul><h2>GetaGroup 的郑重承诺</h2><ul><li><b>尺寸定制：</b>可根据大厅平面布局，量身定制左右转角方向。</li><li><b>出厂价格：</b>厂家直供，为赌场与酒店节省大规模采购成本。</li></ul>,GETA-OF-RT02,,,office-interior,办公家具,"reception_desk_002.webp, reception_desk_005.webp, reception_desk_006.webp, reception_desk_013.webp",
Quầy Lễ Tân Cong Bán Nguyệt,"<h2>Giới thiệu sản phẩm</h2><p>Quầy lễ tân cong bán nguyệt là đỉnh cao của nghệ thuật thiết kế nội thất sảnh. Những đường cong mềm mại không chỉ mang lại sự độc đáo về thị giác mà còn mang ý nghĩa phong thủy tốt lành, tạo sự kết nối liền mạch giữa khách hàng và doanh nghiệp.</p><h2>Công năng và Đặc điểm nổi bật</h2><h3>Kiến trúc đường cong tinh xảo</h3><ul><li><b>Vẻ đẹp độc bản:</b> Kỹ thuật uốn cong gỗ/nhựa cao cấp đòi hỏi tay nghề thợ mộc cực cao, mang lại sự khác biệt hoàn toàn so với các quầy vuông vắn thông thường.</li><li><b>Hiệu ứng đèn LED:</b> Chân quầy thường tích hợp đèn LED hắt sáng, tạo vẻ lung linh, huyền ảo vào ban đêm.</li></ul><h3>Trải nghiệm khách hàng tối ưu</h3><ul><li><b>Góc tiếp cận rộng:</b> Hình bán nguyệt giúp đón tiếp được nhiều khách hàng cùng lúc từ nhiều hướng khác nhau mà vẫn tạo được sự hài hòa.</li></ul><h2>Cam kết từ GetaGroup</h2><ul><li>Vật liệu cao cấp, đạt chuẩn an toàn môi trường.</li><li>Hỗ trợ thiết kế 3D mô phỏng thực tế trước khi thi công.</li><li>Đội ngũ lắp đặt giàu kinh nghiệm xử lý các góc cong phức tạp.</li></ul>","Quầy lễ tân thiết kế cong bán nguyệt độc đáo, mang vẻ đẹp mềm mại và đẳng cấp thượng lưu. Đường cong tinh tế tích hợp hệ thống đèn LED âm sảnh độc đáo. Lựa chọn số 1 cho các khách sạn cao cấp, Casino và các khu resort tại biên giới.",弧形半圆艺术前台,半圆形弧度前台，视觉效果震撼。精湛弯曲工艺，内置智能LED灯光系统。不仅是家具，更是大厅的视觉艺术中心。适用于星级酒店及边境高端博彩场所。,<h2>产品简介</h2><p>弧形半圆前台打破了办公家具的僵硬感，以流动的线条传递企业的亲和力与包容感。这种极具设计感的前台是高端商业空间提升档次的“点睛之笔”。</p><h2>核心功能与优势</h2><h3>精湛工艺美学</h3><ul><li><b>无缝弯曲：</b>采用高难度热压成型技术，弧度自然流畅，触感如丝般顺滑。</li><li><b>光影效果：</b>台底部集成LED氛围灯带，为夜晚或暗光环境下营造梦幻的接待氛围。</li></ul><h3>360度互动体验</h3><ul><li><b>全方位视野：</b>半圆设计让前台员工能更好地观察大厅动向，提供无死角的星级服务体验。</li></ul><h2>GetaGroup 的郑重承诺</h2><ul><li><b>高级定制服务：</b>提供专业的3D效果预览，确保成品与装修风格完美融合。</li><li><b>专业组装：</b>资深木工团队上门安装，处理复杂弧面缝隙，确保稳固美观。</li></ul>,GETA-OF-RT03,,,office-interior,办公家具,reception_desk_015.webp,
Kệ Hồ Sơ Gỗ Nhiều Ngăn,"<h2>Giới thiệu sản phẩm</h2><p>Kệ tủ hồ sơ đa năng là sự kết hợp hoàn hảo giữa công năng lưu trữ và tính thẩm mỹ trang trí. Với thiết kế chia ô khoa học, sản phẩm giúp biến bức tường văn phòng thô cứng trở thành một không gian trưng bày đầy cảm hứng và chuyên nghiệp.</p><h2>Công năng và Đặc điểm nổi bật</h2><h3>Thiết kế hiện đại ""2 trong 1""</h3><ul><li><b>Ngăn hở trang trí:</b> Các ô kệ hở với kích thước đa dạng giúp bạn dễ dàng trưng bày bằng khen, kỷ niệm chương, sách hoặc cây xanh văn phòng.</li><li><b>Ngăn kín bảo mật:</b> Hệ thống cánh tủ phía dưới giúp lưu trữ các hồ sơ quan trọng, đồ dùng cá nhân tránh bụi bẩn và đảm bảo tính riêng tư.</li></ul><h3>Chất liệu và Hoàn thiện cao cấp</h3><ul><li><b>Gỗ lõi xanh chống ẩm:</b> Đặc biệt phù hợp với môi trường văn phòng, chống cong vênh và mối mọt tuyệt đối.</li><li><b>Màu sắc tinh tế:</b> Tông màu gỗ sáng hiện đại, dễ dàng phối hợp với các loại bàn làm việc chân sắt hoặc bàn giám đốc hiện nay.</li></ul><h2>Cam kết từ GetaGroup</h2><ul><li>Sản phẩm gia công sắc sảo, bề mặt phẳng mịn, không lỗi cạnh.</li><li>Giá gốc tại xưởng, tiết kiệm tối đa chi phí cho doanh nghiệp.</li><li>Lắp đặt và bàn giao đúng tiến độ tại Mộc Bài, Bavet và khu vực lân cận.</li></ul>","Hệ kệ tủ hồ sơ nhiều ngăn thiết kế hiện đại, kết hợp giữa các khoang hở trang trí và ngăn cánh kín lưu trữ. Chất liệu gỗ MDF lõi xanh chống ẩm cao cấp, màu gỗ tự nhiên tinh tế. Giải pháp tối ưu để sắp xếp hồ sơ, sách và đồ lưu niệm chuyên nghiệp.",多格组合办公书架,现代简约多格办公柜，采用开放式展示架与封闭式储物柜结合设计。E1级防潮环保板材，原木色饰面。不仅是档案存储神器，更是提升办公室美感的视觉中心。沐牌/巴域现货直供。,<h2>产品简介</h2><p>这款多功能组合办公柜是打造高效且美观办公空间的基石。通过科学的几何分区设计，它完美解决了办公文档存储与个人收藏展示的双重需求，让您的办公室更有层次感。</p><h2>核心功能与优势</h2><h3>开放式与封闭式结合设计</h3><ul><li><b>展示空间：</b>开放式多格设计，适合放置书籍、荣誉奖杯及艺术摆件，彰显企业文化。</li><li><b>私密储物：</b>下部配备防尘柜门，大容量存储各类文件夹，保持环境整洁有序。</li></ul><h3>高品质耐用工艺</h3><ul><li><b>防潮环保板材：</b>针对东南亚气候优化，具有极佳的抗湿防霉性能。</li><li><b>稳固结构：</b>加厚背板设计，确保整体承重力强，长期使用不倾斜。</li></ul><h2>GetaGroup 的郑重承诺</h2><ul><li><b>精工品质：</b>每一块板材均采用全自动封边工艺，细节处彰显匠心。</li><li><b>厂家批发价：</b>直接对接工厂，为赌场和行政中心提供最优性价比。</li><li><b>本地服务：</b>沐牌与巴域地区提供快速配送，专业木工上门组装调试。</li></ul>,GETA-OF-SH01,,,office-interior,办公家具,"office_cabinet_001.webp, office_cabinet_002.webp, office_cabinet_003.webp",
